first_name,last_name,email,phone,password
Alice,Smith,alice@token.com, +1-555-1234,alicepw
Bob,Jones,bj@snooth.aus,+23-23-5433,bobpw
Charlie,Kahn,charles@here.com,+1-514-5433,charliepw
Org,Owner,orgowner1@bigneon.com,515-123-1000,orgowner1
Org,Member,orgmember@bigneon.com,515-123-2000,orgmember1
Mycah,Pithcock,mpithcock0@yandex.ru,300-935-9293,Mycah_Pithcock_pw
Celestia,Langford,clangford1@jimdo.com,771-869-7947,Celestia_Langford_pw
Gizela,Hunnisett,ghunnisett2@ezinearticles.com,995-204-6884,Gizela_Hunnisett_pw
Tiphanie,Bim,tbim3@dion.ne.jp,139-661-1186,Tiphanie_Bim_pw
Holly,Trayte,htrayte4@ustream.tv,262-999-1512,Holly_Trayte_pw
Misti,Chatin,mchatin5@archive.org,517-901-8849,Misti_Chatin_pw
Prescott,Flanne,pflanne6@csmonitor.com,773-527-0434,Prescott_Flanne_pw
Jordana,Signe,jsigne7@go.com,289-490-8089,Jordana_Signe_pw
Antons,McCrae,amccrae8@free.fr,556-411-4576,Antons_McCrae_pw
Darcy,Braiden,dbraiden9@scribd.com,972-403-4980,Darcy_Braiden_pw
Alisander,Cloonan,acloonana@msn.com,257-125-2811,Alisander_Cloonan_pw
Wilek,Bondley,wbondleyb@weather.com,737-306-3991,Wilek_Bondley_pw
Ewell,Huddlestone,ehuddlestonec@apple.com,884-153-8901,Ewell_Huddlestone_pw
Graig,Mealham,gmealhamd@examiner.com,415-967-6385,Graig_Mealham_pw
Kameko,Aguirrezabal,kaguirrezabale@istockphoto.com,978-896-7172,Kameko_Aguirrezabal_pw
Margarete,Botley,mbotleyf@prlog.org,789-792-6862,Margarete_Botley_pw
Becka,Gleeton,bgleetong@virginia.edu,931-654-4510,Becka_Gleeton_pw
Tandy,Aingel,taingelh@google.ru,515-515-0678,Tandy_Aingel_pw
Irwinn,Cristofolini,icristofolinii@bandcamp.com,612-960-6800,Irwinn_Cristofolini_pw
Malia,Beaulieu,mbeaulieuj@newyorker.com,282-460-7939,Malia_Beaulieu_pw
Merle,Sterman,mstermank@hc360.com,932-505-7762,Merle_Sterman_pw
Faye,Tomich,ftomichl@trellian.com,125-163-0912,Faye_Tomich_pw
Hugo,Andrag,handragm@de.vu,960-754-2910,Hugo_Andrag_pw
Barton,Burl,bburln@hp.com,157-732-0670,Barton_Burl_pw
Howey,Drees,hdreeso@dion.ne.jp,501-400-5839,Howey_Drees_pw
Reinhard,Tongs,rtongsp@wp.com,929-918-7315,Reinhard_Tongs_pw
Calida,Kasper,ckasperq@ezinearticles.com,313-679-9559,Calida_Kasper_pw
Roosevelt,Goodding,rgooddingr@nsw.gov.au,674-993-7358,Roosevelt_Goodding_pw
Linnet,Lindborg,llindborgs@hexun.com,932-716-7444,Linnet_Lindborg_pw
Arlana,Lerwill,alerwillt@fc2.com,772-476-7435,Arlana_Lerwill_pw
Keri,Shelsher,kshelsheru@google.ca,223-616-8375,Keri_Shelsher_pw
Juline,Oldacre,joldacrev@japanpost.jp,754-492-6309,Juline_Oldacre_pw
Godard,Giacubbo,ggiacubbow@prweb.com,101-729-2221,Godard_Giacubbo_pw
Tamas,Lamberti,tlambertix@bandcamp.com,707-958-5722,Tamas_Lamberti_pw
Darya,Vido,dvidoy@nsw.gov.au,513-465-8149,Darya_Vido_pw
Bendite,Edmeads,bedmeadsz@studiopress.com,639-167-3390,Bendite_Edmeads_pw
Evaleen,MacIlhargy,emacilhargy10@slashdot.org,981-149-7982,Evaleen_MacIlhargy_pw
Chaddy,Revan,crevan11@tinyurl.com,509-631-5934,Chaddy_Revan_pw
Alayne,Scranney,ascranney12@fastcompany.com,664-490-4049,Alayne_Scranney_pw
Giffy,Westwell,gwestwell13@mapy.cz,227-352-6531,Giffy_Westwell_pw
Des,Sabater,dsabater14@ustream.tv,240-402-1352,Des_Sabater_pw
Kienan,Gare,kgare15@seattletimes.com,702-293-8305,Kienan_Gare_pw
Prentice,Richly,prichly16@sciencedirect.com,520-175-3100,Prentice_Richly_pw
Emmi,Ismail,eismail17@timesonline.co.uk,943-222-6114,Emmi_Ismail_pw
Kora,Cameron,kcameron18@reuters.com,751-768-4382,Kora_Cameron_pw
Farand,Bunford,fbunford19@geocities.com,423-493-5391,Farand_Bunford_pw
Judy,Aron,jaron1a@wordpress.com,266-989-8676,Judy_Aron_pw
Koo,Addis,kaddis1b@mtv.com,235-495-6558,Koo_Addis_pw
Lorinda,Nizet,lnizet1c@nytimes.com,730-350-4628,Lorinda_Nizet_pw
Pennie,Warrilow,pwarrilow1d@sogou.com,125-103-9088,Pennie_Warrilow_pw
Sharity,Tregonna,stregonna1e@myspace.com,553-243-6365,Sharity_Tregonna_pw
Humfrey,Seiler,hseiler1f@tripadvisor.com,487-196-4314,Humfrey_Seiler_pw
Sherri,Baty,sbaty1g@seattletimes.com,312-676-7028,Sherri_Baty_pw
Kellyann,Gabey,kgabey1h@macromedia.com,657-411-7203,Kellyann_Gabey_pw
Reynolds,Rossander,rrossander1i@jiathis.com,210-928-4146,Reynolds_Rossander_pw
Paola,Fears,pfears1j@imgur.com,293-704-6313,Paola_Fears_pw
Cosmo,Pirkis,cpirkis1k@yelp.com,256-293-2691,Cosmo_Pirkis_pw
Biron,Cottom,bcottom1l@un.org,202-702-3081,Biron_Cottom_pw
Alexina,Moggie,amoggie1m@prweb.com,570-942-6897,Alexina_Moggie_pw
Bartholomeus,Britian,bbritian1n@cisco.com,804-484-5774,Bartholomeus_Britian_pw
Tallie,Cranage,tcranage1o@google.com.br,205-995-8422,Tallie_Cranage_pw
Earle,Clash,eclash1p@boston.com,588-340-3958,Earle_Clash_pw
Bree,Balam,bbalam1q@people.com.cn,569-446-7777,Bree_Balam_pw
Gibby,Hrishchenko,ghrishchenko1r@netvibes.com,238-668-2909,Gibby_Hrishchenko_pw
Gavin,Napoli,gnapoli1s@kickstarter.com,989-526-5468,Gavin_Napoli_pw
Haven,Keeton,hkeeton1t@nytimes.com,832-367-8495,Haven_Keeton_pw
Carmine,Fumagall,cfumagall1u@google.ca,530-876-8001,Carmine_Fumagall_pw
Fran,O'Corrane,focorrane1v@zdnet.com,585-492-0519,Fran_O'Corrane_pw
Jonathon,Langforth,jlangforth1w@phoca.cz,759-959-3044,Jonathon_Langforth_pw
Lanny,Hugli,lhugli1x@census.gov,453-515-8405,Lanny_Hugli_pw
Alessandro,Bygott,abygott1y@ucoz.com,406-614-4078,Alessandro_Bygott_pw
Dorthy,Strowthers,dstrowthers1z@blogger.com,407-452-3677,Dorthy_Strowthers_pw
Nealon,Ccomini,nccomini20@ted.com,355-517-6863,Nealon_Ccomini_pw
Giffard,Dockwray,gdockwray21@mac.com,429-977-6630,Giffard_Dockwray_pw
Herman,McEvay,hmcevay22@ow.ly,799-648-9591,Herman_McEvay_pw
Di,Gaspero,dgaspero23@newyorker.com,747-856-3385,Di_Gaspero_pw
Vernice,Stoffler,vstoffler24@senate.gov,510-961-9938,Vernice_Stoffler_pw
Cori,Bellerby,cbellerby25@mlb.com,723-930-9666,Cori_Bellerby_pw
Berrie,Burkitt,bburkitt26@privacy.gov.au,141-598-1011,Berrie_Burkitt_pw
Gerladina,Porson,gporson27@lycos.com,993-151-8873,Gerladina_Porson_pw
Nicolai,Kernock,nkernock28@bandcamp.com,780-813-3230,Nicolai_Kernock_pw
Blayne,Wickersham,bwickersham29@wunderground.com,802-723-5236,Blayne_Wickersham_pw
Mechelle,Andrat,mandrat2a@dagondesign.com,174-586-7569,Mechelle_Andrat_pw
Cornall,Van Velde,cvanvelde2b@pbs.org,295-972-1673,Cornall_Van Velde_pw
Julianna,Bresland,jbresland2c@archive.org,958-958-3841,Julianna_Bresland_pw
Cristine,Rowaszkiewicz,crowaszkiewicz2d@last.fm,700-800-0487,Cristine_Rowaszkiewicz_pw
Pepita,Robelet,probelet2e@slashdot.org,233-486-8763,Pepita_Robelet_pw
Ida,Cleve,icleve2f@istockphoto.com,322-793-5500,Ida_Cleve_pw
Raoul,Wisdom,rwisdom2g@myspace.com,806-588-7458,Raoul_Wisdom_pw
Jere,O'Dare,jodare2h@seesaa.net,305-805-0372,Jere_O'Dare_pw
Dody,Naisby,dnaisby2i@archive.org,912-970-4586,Dody_Naisby_pw
Kathrine,Chafer,kchafer2j@comcast.net,329-334-2600,Kathrine_Chafer_pw
Tod,Colam,tcolam2k@lulu.com,639-787-4800,Tod_Colam_pw
Vania,Danilchik,vdanilchik2l@mysql.com,828-279-0581,Vania_Danilchik_pw
Celinka,Minghetti,cminghetti2m@jalbum.net,818-845-8911,Celinka_Minghetti_pw
Reeba,Witchard,rwitchard2n@vk.com,214-468-0555,Reeba_Witchard_pw
Franciska,Puncher,fpuncher2o@marketwatch.com,768-535-3245,Franciska_Puncher_pw
Maurits,Copner,mcopner2p@imageshack.us,446-657-5471,Maurits_Copner_pw
Ernest,Stavers,estavers2q@shinystat.com,643-351-9393,Ernest_Stavers_pw
Vale,Petrak,vpetrak2r@tmall.com,947-191-8622,Vale_Petrak_pw